Metric,Baseline,Target,Current,Improvement,ROI Percentage,Notes
Followers,1000,5000,1000,4000,400,Monthly follower growth
Engagement Rate,2%,6%,2%,4%,300,Engagement rate improvement
Reach,5000,25000,5000,20000,400,Content reach increase
Impressions,10000,50000,10000,40000,400,Content impressions
Click-through Rate,1%,3%,1%,2%,300,Website traffic increase
Conversion Rate,2%,5%,2%,3%,250,Lead generation improvement
Website Traffic,1000,5000,1000,4000,400,Social media traffic
Leads Generated,20,100,20,80,400,Lead generation
Sales Generated,5,25,5,20,400,Sales from social media
Revenue Generated,5000,25000,5000,20000,400,Revenue from social media
Time Saved,0,20,0,20,2000,Hours saved per week
Cost Savings,0,2000,0,2000,2000,Monthly cost savings
Brand Awareness,20%,80%,20%,60%,400,Brand recognition
Customer Satisfaction,70%,90%,70%,20%,29,Customer satisfaction
Team Productivity,100%,150%,100%,50%,150,Team efficiency
Content Quality,60%,90%,60%,30%,150,Content effectiveness
Community Growth,100,1000,100,900,1000,Community members
Influence Score,50,200,50,150,400,Industry influence
Thought Leadership,30%,80%,30%,50%,167,Authority building
Market Share,5%,15%,5%,10%,300,Market presence
