AI Implementation ROI Calculator,AeroVista LLC,Version 1.0
,,,,,
Input Section,,,,,
Current State,,,,,
Manual Hours per Week,40,Enter current manual hours,,,,,
Hourly Rate ($),25,Enter your hourly rate,,,,,
Weekly Labor Cost,1000,=B2*B3,,,,,
Monthly Labor Cost,4000,=B4*4,,,,,
Annual Labor Cost,48000,=B5*12,,,,,
,,,,,
AI Implementation,,,,,
Implementation Cost,5000,One-time setup cost,,,,,
Monthly AI Tools,200,Monthly subscription costs,,,,,
Training Cost,1000,Team training and onboarding,,,,,
Total Investment,6200,=B8+B9*12+B10,,,,,
,,,,,
Expected Savings,,,,,
Time Saved (%),75,Percentage of time saved,,,,,
Hours Saved per Week,30,=B2*B14/100,,,,,
Weekly Savings,750,=B15*B3,,,,,
Monthly Savings,3000,=B16*4,,,,,
Annual Savings,36000,=B17*12,,,,,
,,,,,
ROI Calculation,,,,,
Net Annual Savings,29800,=B18-B11,,,,,
ROI (%),480.6,=(B20/B11)*100,,,,,
Payback Period (Months),2.1,=B11/B17,,,,,
,,,,,
Break-Even Analysis,,,,,
Month 1 Savings,3000,,,,,,
Month 2 Savings,3000,,,,,,
Month 3 Savings,3000,,,,,,
Month 4 Savings,3000,,,,,,
Month 5 Savings,3000,,,,,,
Month 6 Savings,3000,,,,,,
Month 7 Savings,3000,,,,,,
Month 8 Savings,3000,,,,,,
Month 9 Savings,3000,,,,,,
Month 10 Savings,3000,,,,,,
Month 11 Savings,3000,,,,,,
Month 12 Savings,3000,,,,,,
,,,,,
Cumulative Savings,,,,,
Month 1,3000,,,,,,
Month 2,6000,,,,,,
Month 3,9000,,,,,,
Month 4,12000,,,,,,
Month 5,15000,,,,,,
Month 6,18000,,,,,,
Month 7,21000,,,,,,
Month 8,24000,,,,,,
Month 9,27000,,,,,,
Month 10,30000,,,,,,
Month 11,33000,,,,,,
Month 12,36000,,,,,,
,,,,,
Key Metrics,,,,,
Total Investment,6200,,,,,,
Total Annual Savings,36000,,,,,,
Net Annual Profit,29800,,,,,,
ROI Percentage,480.6%,,,,,
Payback Period,2.1 months,,,,,,
,,,,,
Notes,,,,,
This calculator assumes 75% time savings from AI automation.,,,,,
Adjust the percentages based on your specific use case.,,,,,
Include all relevant costs: tools subscriptions training.,,,,,
Track actual results and update calculations monthly.,,,,,
